http://i.qkme.me/353mvs.jpg,0
http://i.qkme.me/353mw1.jpg,1
http://i.qkme.me/353mw5.jpg,0
http://i.qkme.me/353mxa.jpg,0
http://i.qkme.me/353my8.jpg,0
http://i.qkme.me/353mz4.jpg,0
http://i.qkme.me/353n0s.jpg,0
http://i.qkme.me/353n1i.jpg,0
http://i.qkme.me/353n1n.jpg,0
http://i.qkme.me/353n1r.jpg,0
http://i.qkme.me/353n1s.jpg,0
http://i.qkme.me/353n28.jpg,0
http://i.qkme.me/353n2v.jpg,0
http://i.qkme.me/353n2w.jpg,0
http://i.qkme.me/353n34.jpg,0
http://i.qkme.me/353n38.jpg,1
http://i.qkme.me/353n3s.jpg,0
http://i.qkme.me/353n3y.jpg,1
http://i.qkme.me/353n4c.jpg,0
http://i.qkme.me/353n55.jpg,1
http://i.qkme.me/353n5k.jpg,1
http://i.qkme.me/353n5q.jpg,0
http://i.qkme.me/353n5r.jpg,1
http://i.qkme.me/353n61.jpg,0
http://i.qkme.me/353n7r.jpg,0
http://i.qkme.me/353n8b.jpg,1
http://i.qkme.me/353n8y.jpg,0
http://i.qkme.me/353n90.jpg,0
http://i.qkme.me/353n9f.jpg,0
http://i.qkme.me/353n9l.jpg,0
http://i.qkme.me/353n9m.jpg,-1
http://i.qkme.me/353n9n.jpg,-1
http://i.qkme.me/353n9q.jpg,0
http://i.qkme.me/353na3.jpg,-1
http://i.qkme.me/353naa.jpg,-1
http://i.qkme.me/353nau.jpg,-1
http://i.qkme.me/353nc9.jpg,1
http://i.qkme.me/353nce.jpg,-1
http://i.qkme.me/353nco.jpg,0
http://i.qkme.me/353ncr.jpg,0
http://i.qkme.me/353nct.jpg,0
http://i.qkme.me/353ncy.jpg,-1
http://i.qkme.me/353nd5.jpg,1
http://i.qkme.me/353nd8.jpg,0
http://i.qkme.me/353ndd.jpg,0
http://i.qkme.me/353nde.jpg,0
http://i.qkme.me/353ndi.jpg,0
http://i.qkme.me/353ndk.jpg,-1
http://i.qkme.me/353ndn.jpg,0
http://i.qkme.me/353ndp.jpg,0
http://i.qkme.me/353ndq.jpg,0
http://i.qkme.me/353ndt.jpg,0
http://i.qkme.me/353ndx.jpg,0
http://i.qkme.me/353ne3.jpg,0
http://i.qkme.me/353ne6.jpg,1
http://i.qkme.me/353ne8.jpg,1
http://i.qkme.me/353ne9.jpg,0
http://i.qkme.me/353neh.jpg,0
http://i.qkme.me/353nem.jpg,0
http://i.qkme.me/353new.jpg,0
http://i.qkme.me/353nez.jpg,1
http://i.qkme.me/353nf4.jpg,0
http://i.qkme.me/353nf6.jpg,0
http://i.qkme.me/353nf9.jpg,0
http://i.qkme.me/353nfb.jpg,0
http://i.qkme.me/353nfq.jpg,-1
http://i.qkme.me/353nft.jpg,0
http://i.qkme.me/353nfu.jpg,0
http://i.qkme.me/353nfw.jpg,0
http://i.qkme.me/353nfx.jpg,0
http://i.qkme.me/353nfz.jpg,0
http://i.qkme.me/353ng1.jpg,0
http://i.qkme.me/353ng2.jpg,0
http://i.qkme.me/353ng8.jpg,0
http://i.qkme.me/353ngb.jpg,0
http://i.qkme.me/353nge.jpg,0
http://i.qkme.me/353ngm.jpg,0
http://i.qkme.me/353nh1.jpg,0
http://i.qkme.me/353nh5.jpg,0
http://i.qkme.me/353nhj.jpg,0
http://i.qkme.me/353nhy.jpg,0
http://i.qkme.me/353ni0.jpg,0
http://i.qkme.me/353nih.jpg,1
http://i.qkme.me/353nii.jpg,1
http://i.qkme.me/353nij.jpg,0
http://i.qkme.me/353nj5.jpg,0
http://i.qkme.me/353nji.jpg,0
http://i.qkme.me/353nk3.jpg,0
http://i.qkme.me/353nkq.jpg,0
http://i.qkme.me/353nkv.jpg,0
http://i.qkme.me/353nky.jpg,0
http://i.qkme.me/353nl2.jpg,0
http://i.qkme.me/353nli.jpg,0
http://i.qkme.me/353nlw.jpg,0
http://i.qkme.me/353nlz.jpg,0
http://i.qkme.me/353nm9.jpg,0
http://i.qkme.me/353nmf.jpg,0
http://i.qkme.me/353nmr.jpg,
http://i.qkme.me/353nmu.jpg,1
http://i.qkme.me/353nmz.jpg,0
http://i.qkme.me/353nn1.jpg,0
http://i.qkme.me/353nn7.jpg,-1
http://i.qkme.me/353nn9.jpg,0
http://i.qkme.me/353no7.jpg,0
http://i.qkme.me/353nol.jpg,1
http://i.qkme.me/353nou.jpg,0
http://i.qkme.me/353npm.jpg,0
http://i.qkme.me/353nps.jpg,1
http://i.qkme.me/353nq3.jpg,1
http://i.qkme.me/353nqo.jpg,0
http://i.qkme.me/353nro.jpg,0
http://i.qkme.me/353nrq.jpg,0
http://i.qkme.me/353ns3.jpg,-1
http://i.qkme.me/353ns3.jpg,-1
http://i.qkme.me/353nsa.jpg,0
http://i.qkme.me/353nsl.jpg,0
http://i.qkme.me/353nsr.jpg,0
http://i.qkme.me/353ntj.jpg,0
http://i.qkme.me/353ntn.jpg,1
http://i.qkme.me/353nu6.jpg,1
http://i.qkme.me/353nuy.jpg,1
http://i.qkme.me/353nva.jpg,0
http://i.qkme.me/353nvn.jpg,0
http://i.qkme.me/353nvu.jpg,0
http://i.qkme.me/353nw6.jpg,0
http://i.qkme.me/353nw8.jpg,0
http://i.qkme.me/353nwm.jpg,0
http://i.qkme.me/353nwq.jpg,0
http://i.qkme.me/353nwx.jpg,0
http://i.qkme.me/353nx0.jpg,0
http://i.qkme.me/353nxa.jpg,0
http://i.qkme.me/353nxr.jpg,0
http://i.qkme.me/353nz2.jpg,0
http://i.qkme.me/353nzc.jpg,0
http://i.qkme.me/353nzf.jpg,0
http://i.qkme.me/353nzi.jpg,0
http://i.qkme.me/353nzl.jpg,0
http://i.qkme.me/353nzn.jpg,0
http://i.qkme.me/353nzq.jpg,0
http://i.qkme.me/353o08.jpg,0
http://i.qkme.me/353o0g.jpg,0
http://i.qkme.me/353o0h.jpg,1
http://i.qkme.me/353o0u.jpg,1
http://i.qkme.me/353o1h.jpg,0
http://i.qkme.me/353o1s.jpg,0
http://i.qkme.me/353o1v.jpg,0
http://i.qkme.me/353o23.jpg,0
http://i.qkme.me/353o2a.jpg,0
http://i.qkme.me/353o2j.jpg,0
http://i.qkme.me/353o2l.jpg,0
http://i.qkme.me/353o30.jpg,0
http://i.qkme.me/353o3q.jpg,1
http://i.qkme.me/353o4a.jpg,0
http://i.qkme.me/353o4b.jpg,0
http://i.qkme.me/353o4c.jpg,0
http://i.qkme.me/353o4e.jpg,0
http://i.qkme.me/353o4g.jpg,0
http://i.qkme.me/353o4r.jpg,0
http://i.qkme.me/353o4t.jpg,0
http://i.qkme.me/353o5d.jpg,0
http://i.qkme.me/353o5h.jpg,0
http://i.qkme.me/353o5q.jpg,0
http://i.qkme.me/353o5u.jpg,0
http://i.qkme.me/353o5y.jpg,0
http://i.qkme.me/353o69.jpg,-1
http://i.qkme.me/353o6a.jpg,0
http://i.qkme.me/353o6i.jpg,0
http://i.qkme.me/353o6n.jpg,0
http://i.qkme.me/353o6v.jpg,1
http://i.qkme.me/353o6x.jpg,1
http://i.qkme.me/353o7e.jpg,0
http://i.qkme.me/353o7k.jpg,0
http://i.qkme.me/353o7n.jpg,-1
http://i.qkme.me/353o7r.jpg,0
http://i.qkme.me/353o7v.jpg,1
http://i.qkme.me/353o86.jpg,1
http://i.qkme.me/353o89.jpg,0
http://i.qkme.me/353o8m.jpg,0
http://i.qkme.me/353o8x.jpg,0
http://i.qkme.me/353o9h.jpg,0
http://i.qkme.me/353o9n.jpg,0
http://i.qkme.me/353oa0.jpg,0
http://i.qkme.me/353oa4.jpg,0
http://i.qkme.me/353oai.jpg,0
http://i.qkme.me/353oas.jpg,0
http://i.qkme.me/353oax.jpg,0
http://i.qkme.me/353ob1.jpg,0
http://i.qkme.me/353ob7.jpg,0
http://i.qkme.me/353obi.jpg,0
http://i.qkme.me/353oc3.jpg,0
http://i.qkme.me/353oc6.jpg,0
http://i.qkme.me/353oc7.jpg,0
http://i.qkme.me/353oc8.jpg,0
http://i.qkme.me/353oco.jpg,0
http://i.qkme.me/353ode.jpg,0
http://i.qkme.me/353odh.jpg,0
http://i.qkme.me/353odj.jpg,0
http://i.qkme.me/353odk.jpg,0
http://i.qkme.me/353odn.jpg,0
http://i.qkme.me/353odt.jpg,0
http://i.qkme.me/353odx.jpg,0
http://i.qkme.me/353oe6.jpg,0
http://i.qkme.me/353oea.jpg,0
http://i.qkme.me/353oen.jpg,0
http://i.qkme.me/353oeo.jpg,0
http://i.qkme.me/353oez.jpg,0
http://i.qkme.me/353of6.jpg,1
http://i.qkme.me/353of8.jpg,0
http://i.qkme.me/353ofh.jpg,0
http://i.qkme.me/353ofx.jpg,0
http://i.qkme.me/353ogx.jpg,0
http://i.qkme.me/353ogy.jpg,0
http://i.qkme.me/353ogz.jpg,0
http://i.qkme.me/353ohd.jpg,0
http://i.qkme.me/353ohk.jpg,1
http://i.qkme.me/353ohv.jpg,0
http://i.qkme.me/353ohv.jpg,-1
http://i.qkme.me/353oi5.jpg,0
http://i.qkme.me/353oi7.jpg,-1
http://i.qkme.me/353oie.jpg,0
http://i.qkme.me/353oiy.jpg,1
http://i.qkme.me/353ojd.jpg,0
http://i.qkme.me/353ojf.jpg,0
http://i.qkme.me/353ol0.jpg,0
http://i.qkme.me/353ol2.jpg,0
http://i.qkme.me/353olf.jpg,0
http://i.qkme.me/353oli.jpg,0
http://i.qkme.me/353omo.jpg,0
http://i.qkme.me/353onb.jpg,0
http://i.qkme.me/353onh.jpg,0
http://i.qkme.me/353onk.jpg,0
http://i.qkme.me/353ono.jpg,0
http://i.qkme.me/353onv.jpg,0
http://i.qkme.me/353ooc.jpg,0
http://i.qkme.me/353ooe.jpg,0
http://i.qkme.me/353ooh.jpg,0
http://i.qkme.me/353op7.jpg,0
http://i.qkme.me/353op8.jpg,0
http://i.qkme.me/353op9.jpg,0
http://i.qkme.me/353opa.jpg,0
http://i.qkme.me/353opx.jpg,0
http://i.qkme.me/353oq2.jpg,0
http://i.qkme.me/353oqb.jpg,0
http://i.qkme.me/353oqd.jpg,0
http://i.qkme.me/353oqo.jpg,0
http://i.qkme.me/353or0.jpg,1
http://i.qkme.me/353or1.jpg,0
http://i.qkme.me/353or6.jpg,0
http://i.qkme.me/353ord.jpg,0
http://i.qkme.me/353os8.jpg,0
http://i.qkme.me/353osb.jpg,0
http://i.qkme.me/353osc.jpg,0
http://i.qkme.me/353osf.jpg,1
http://i.qkme.me/353ot4.jpg,0
http://i.qkme.me/353oti.jpg,1
http://i.qkme.me/353otl.jpg,1
http://i.qkme.me/353otq.jpg,0
http://i.qkme.me/353ott.jpg,1
http://i.qkme.me/353otx.jpg,1
http://i.qkme.me/353oue.jpg,0
http://i.qkme.me/353ouw.jpg,1
http://i.qkme.me/353ov7.jpg,0
http://i.qkme.me/353ovu.jpg,0
http://i.qkme.me/353ow0.jpg,1
http://i.qkme.me/353ow3.jpg,1
http://i.qkme.me/353ow3.jpg,-1
http://i.qkme.me/353owf.jpg,0
http://i.qkme.me/353owu.jpg,-1
http://i.qkme.me/353ox1.jpg,0
http://i.qkme.me/353ox9.jpg,0
http://i.qkme.me/353oxh.jpg,-1
http://i.qkme.me/353oxp.jpg,-1
http://i.qkme.me/353oy8.jpg,0
http://i.qkme.me/353oyh.jpg,0
http://i.qkme.me/353oyr.jpg,0
http://i.qkme.me/353oyx.jpg,0
http://i.qkme.me/353oz6.jpg,0
http://i.qkme.me/353oz9.jpg,1
http://i.qkme.me/353ozo.jpg,0
http://i.qkme.me/353ozr.jpg,-1
http://i.qkme.me/353p00.jpg,0
http://i.qkme.me/353p06.jpg,0
http://i.qkme.me/353p07.jpg,0
http://i.qkme.me/353p09.jpg,0
http://i.qkme.me/353p0a.jpg,0
http://i.qkme.me/353p0v.jpg,0
http://i.qkme.me/353p0x.jpg,1
http://i.qkme.me/353p0z.jpg,1
http://i.qkme.me/353p19.jpg,1
http://i.qkme.me/353p1q.jpg,1
http://i.qkme.me/353p21.jpg,0
http://i.qkme.me/353p2c.jpg,-1
http://i.qkme.me/353p2z.jpg,0
http://i.qkme.me/353p3j.jpg,1
http://i.qkme.me/353p3z.jpg,0
http://i.qkme.me/353p41.jpg,1
http://i.qkme.me/353p44.jpg,0
http://i.qkme.me/353p4y.jpg,1
http://i.qkme.me/353p55.jpg,0
http://i.qkme.me/353p62.jpg,0
http://i.qkme.me/353p66.jpg,0
http://i.qkme.me/353p6d.jpg,0
http://i.qkme.me/353p6g.jpg,1
http://i.qkme.me/353p6p.jpg,0
http://i.qkme.me/353p6q.jpg,0
http://i.qkme.me/353p6s.jpg,1
http://i.qkme.me/353p70.jpg,1
http://i.qkme.me/353p7f.jpg,-1
http://i.qkme.me/353p7f.jpg,0
http://i.qkme.me/353p7j.jpg,1
http://i.qkme.me/353p7z.jpg,-1
http://i.qkme.me/353p87.jpg,1
http://i.qkme.me/353p8t.jpg,0
http://i.qkme.me/353p8y.jpg,0
http://i.qkme.me/353p96.jpg,1
http://i.qkme.me/353p9a.jpg,1
http://i.qkme.me/353p9c.jpg,0
http://i.qkme.me/353p9k.jpg,1
http://i.qkme.me/353p9t.jpg,1
http://i.qkme.me/353p9v.jpg,0
http://i.qkme.me/353p9z.jpg,1
http://i.qkme.me/353pal.jpg,1
http://i.qkme.me/353pb0.jpg,1
http://i.qkme.me/353pb9.jpg,0
http://i.qkme.me/353pbs.jpg,0
http://i.qkme.me/353pc2.jpg,0
http://i.qkme.me/353pc6.jpg,0
http://i.qkme.me/353pcm.jpg,0
http://i.qkme.me/353pcy.jpg,1
http://i.qkme.me/353pdd.jpg,1
http://i.qkme.me/353pdk.jpg,0
http://i.qkme.me/353pdn.jpg,0
http://i.qkme.me/353pdz.jpg,0
http://i.qkme.me/353peg.jpg,0
http://i.qkme.me/353pex.jpg,0
http://i.qkme.me/353pf8.jpg,0
http://i.qkme.me/353pfe.jpg,
http://i.qkme.me/353pfl.jpg,0
http://i.qkme.me/353pg3.jpg,0
http://i.qkme.me/353pgu.jpg,0
http://i.qkme.me/353ph2.jpg,0
http://i.qkme.me/353phr.jpg,0
http://i.qkme.me/353phu.jpg,0
http://i.qkme.me/353pj3.jpg,0
http://i.qkme.me/353pja.jpg,0
http://i.qkme.me/353pje.jpg,-1
http://i.qkme.me/353pk3.jpg,0
http://i.qkme.me/353pk4.jpg,0
http://i.qkme.me/353pkd.jpg,1
http://i.qkme.me/353pkg.jpg,0
http://i.qkme.me/353pl0.jpg,0
http://i.qkme.me/353pl3.jpg,0
http://i.qkme.me/353plc.jpg,0
http://i.qkme.me/353pm3.jpg,1
http://i.qkme.me/353pm6.jpg,0
http://i.qkme.me/353pm9.jpg,-1
http://i.qkme.me/353pmb.jpg,0
http://i.qkme.me/353pmd.jpg,0
http://i.qkme.me/353pml.jpg,-1
http://i.qkme.me/353pmx.jpg,-1
http://i.qkme.me/353pmz.jpg,-1
http://i.qkme.me/353pn7.jpg,1
http://i.qkme.me/353pnd.jpg,-1
http://i.qkme.me/353pnn.jpg,1
http://i.qkme.me/353pnp.jpg,-1
http://i.qkme.me/353pnq.jpg,0
http://i.qkme.me/353pnu.jpg,-1
http://i.qkme.me/353pnu.jpg,0
http://i.qkme.me/353po2.jpg,1
http://i.qkme.me/353po8.jpg,0
http://i.qkme.me/353poc.jpg,0
http://i.qkme.me/353pol.jpg,1
http://i.qkme.me/353poz.jpg,0
http://i.qkme.me/353ppr.jpg,0
http://i.qkme.me/353pq2.jpg,0
http://i.qkme.me/353pq3.jpg,0
http://i.qkme.me/353pqf.jpg,0
http://i.qkme.me/353pqs.jpg,0
http://i.qkme.me/353pr9.jpg,0
http://i.qkme.me/353prj.jpg,0
http://i.qkme.me/353prq.jpg,1
http://i.qkme.me/353prx.jpg,-1
http://i.qkme.me/353prx.jpg,0
http://i.qkme.me/353psd.jpg,0
http://i.qkme.me/353psf.jpg,0
http://i.qkme.me/353ptb.jpg,0
http://i.qkme.me/353pto.jpg,0
http://i.qkme.me/353ptw.jpg,0
http://i.qkme.me/353pu4.jpg,0
http://i.qkme.me/353pu8.jpg,0
http://i.qkme.me/353pua.jpg,0
http://i.qkme.me/353pub.jpg,0
http://i.qkme.me/353pug.jpg,1
http://i.qkme.me/353puh.jpg,0
http://i.qkme.me/353pv3.jpg,1
http://i.qkme.me/353pv9.jpg,0
http://i.qkme.me/353pva.jpg,0
http://i.qkme.me/353pwv.jpg,0
http://i.qkme.me/353pwy.jpg,1
http://i.qkme.me/353pxt.jpg,0
http://i.qkme.me/353py7.jpg,0
http://i.qkme.me/353pye.jpg,0
http://i.qkme.me/353q0f.jpg,1
http://i.qkme.me/353q1c.jpg,0
http://i.qkme.me/353q27.jpg,0
http://i.qkme.me/353q2o.jpg,0
http://i.qkme.me/353q2r.jpg,0
http://i.qkme.me/353q35.jpg,0
http://i.qkme.me/353q3i.jpg,0
http://i.qkme.me/353q3p.jpg,0
http://i.qkme.me/353q3s.jpg,1
http://i.qkme.me/353q3y.jpg,0
http://i.qkme.me/353q4j.jpg,0
http://i.qkme.me/353q6w.jpg,1
http://i.qkme.me/353q73.jpg,1
http://i.qkme.me/353q7c.jpg,0
http://i.qkme.me/353q7l.jpg,-1
http://i.qkme.me/353q7x.jpg,1
http://i.qkme.me/353q85.jpg,1
http://i.qkme.me/353q8c.jpg,1
http://i.qkme.me/353q8f.jpg,0
http://i.qkme.me/353q8i.jpg,1
http://i.qkme.me/353q8m.jpg,1
http://i.qkme.me/353q96.jpg,0
http://i.qkme.me/353q9m.jpg,-1
http://i.qkme.me/353qa7.jpg,0
http://i.qkme.me/353qaa.jpg,1
http://i.qkme.me/353qab.jpg,0
http://i.qkme.me/353qac.jpg,0
http://i.qkme.me/353qad.jpg,1
http://i.qkme.me/353qag.jpg,0
http://i.qkme.me/353qak.jpg,0
http://i.qkme.me/353qal.jpg,0
http://i.qkme.me/353qap.jpg,1
http://i.qkme.me/353qba.jpg,0
http://i.qkme.me/353qbb.jpg,0
http://i.qkme.me/353qbl.jpg,1
http://i.qkme.me/353qc2.jpg,0
http://i.qkme.me/353qcs.jpg,0
http://i.qkme.me/353qd6.jpg,0
http://i.qkme.me/353qdn.jpg,0
http://i.qkme.me/353qdp.jpg,1
http://i.qkme.me/353qeb.jpg,0
http://i.qkme.me/353qfo.jpg,0
http://i.qkme.me/353qfr.jpg,1
http://i.qkme.me/353qfy.jpg,1
http://i.qkme.me/353qg0.jpg,0
http://i.qkme.me/353qgb.jpg,0
http://i.qkme.me/353qgj.jpg,0
http://i.qkme.me/353qgr.jpg,0
http://i.qkme.me/353qhh.jpg,0
http://i.qkme.me/353qhj.jpg,1
http://i.qkme.me/353qhk.jpg,1
http://i.qkme.me/353qih.jpg,0
http://i.qkme.me/353qij.jpg,0
http://i.qkme.me/353qil.jpg,0
http://i.qkme.me/353qis.jpg,1
http://i.qkme.me/353qiz.jpg,0
http://i.qkme.me/353qj2.jpg,0
http://i.qkme.me/353qjc.jpg,0
http://i.qkme.me/353qjj.jpg,1
http://i.qkme.me/353qjm.jpg,0
http://i.qkme.me/353qjs.jpg,0
http://i.qkme.me/353qjv.jpg,0
http://i.qkme.me/353qjx.jpg,0
http://i.qkme.me/353qke.jpg,-1
http://i.qkme.me/353qkh.jpg,-1
http://i.qkme.me/353qkj.jpg,0
http://i.qkme.me/353qkx.jpg,0
http://i.qkme.me/353ql0.jpg,1
http://i.qkme.me/353ql4.jpg,1
http://i.qkme.me/353ql8.jpg,0
http://i.qkme.me/353qli.jpg,-1
http://i.qkme.me/353qli.jpg,0
http://i.qkme.me/353qly.jpg,1
http://i.qkme.me/353qlz.jpg,0
http://i.qkme.me/353qm9.jpg,1
http://i.qkme.me/353qmo.jpg,1
http://i.qkme.me/353qms.jpg,1
http://i.qkme.me/353qmv.jpg,1
http://i.qkme.me/353qnj.jpg,0
http://i.qkme.me/353qnn.jpg,0
http://i.qkme.me/353qnq.jpg,-1
http://i.qkme.me/353qnt.jpg,0
http://i.qkme.me/353qo4.jpg,0
http://i.qkme.me/353qoh.jpg,0
http://i.qkme.me/353qol.jpg,0
http://i.qkme.me/353qoq.jpg,0
http://i.qkme.me/353qor.jpg,0
http://i.qkme.me/353qos.jpg,0
http://i.qkme.me/353qot.jpg,0
http://i.qkme.me/353qp6.jpg,0
http://i.qkme.me/353qpa.jpg,1
http://i.qkme.me/353qpc.jpg,0
http://i.qkme.me/353qpe.jpg,0
http://i.qkme.me/353qps.jpg,0
http://i.qkme.me/353qqx.jpg,0
http://i.qkme.me/353qrc.jpg,0
http://i.qkme.me/353qre.jpg,0
http://i.qkme.me/353qrk.jpg,0
http://i.qkme.me/353qrt.jpg,0
http://i.qkme.me/353qrv.jpg,0
http://i.qkme.me/353qsa.jpg,0
http://i.qkme.me/353qsd.jpg,1
http://i.qkme.me/353qsq.jpg,0
http://i.qkme.me/353qst.jpg,1
http://i.qkme.me/353qsz.jpg,0
http://i.qkme.me/353qt0.jpg,0
http://i.qkme.me/353qt3.jpg,0
http://i.qkme.me/353qtf.jpg,0
http://i.qkme.me/353qty.jpg,0
http://i.qkme.me/353qu3.jpg,0
http://i.qkme.me/353quf.jpg,0
http://i.qkme.me/353quv.jpg,0
http://i.qkme.me/353quy.jpg,0
http://i.qkme.me/353qv0.jpg,0
http://i.qkme.me/353qv9.jpg,0
http://i.qkme.me/353qve.jpg,0
http://i.qkme.me/353qvh.jpg,0
http://i.qkme.me/353qvi.jpg,0
http://i.qkme.me/353qvs.jpg,0
http://i.qkme.me/353qw1.jpg,0
http://i.qkme.me/353qw2.jpg,1
http://i.qkme.me/353qw6.jpg,-1
http://i.qkme.me/353qwb.jpg,0
http://i.qkme.me/353qwe.jpg,-1
http://i.qkme.me/353qwj.jpg,0
http://i.qkme.me/353qx3.jpg,0
http://i.qkme.me/353qx4.jpg,0
http://i.qkme.me/353qx6.jpg,-1
http://i.qkme.me/353qxb.jpg,1
http://i.qkme.me/353qz5.jpg,0
http://i.qkme.me/353qza.jpg,0
http://i.qkme.me/353qzc.jpg,
http://i.qkme.me/353qzg.jpg,0
http://i.qkme.me/353qzh.jpg,1
http://i.qkme.me/353qzj.jpg,1
http://i.qkme.me/353r04.jpg,0
http://i.qkme.me/353r05.jpg,0
http://i.qkme.me/353r0g.jpg,1
http://i.qkme.me/353r0s.jpg,1
http://i.qkme.me/353r13.jpg,1
http://i.qkme.me/353r18.jpg,0
http://i.qkme.me/353r1a.jpg,0
http://i.qkme.me/353r1f.jpg,0
http://i.qkme.me/353r1i.jpg,0
http://i.qkme.me/353r1l.jpg,0
http://i.qkme.me/353r1u.jpg,-1
http://i.qkme.me/353r1x.jpg,1
http://i.qkme.me/353r2t.jpg,0
http://i.qkme.me/353r31.jpg,0
http://i.qkme.me/353r3a.jpg,-1
http://i.qkme.me/353r3i.jpg,0
http://i.qkme.me/353r3p.jpg,0
http://i.qkme.me/353r3t.jpg,0
http://i.qkme.me/353r3z.jpg,1
http://i.qkme.me/353r42.jpg,0
http://i.qkme.me/353r45.jpg,1
http://i.qkme.me/353r4j.jpg,0
http://i.qkme.me/353r4t.jpg,0
http://i.qkme.me/353r57.jpg,0
http://i.qkme.me/353r5m.jpg,0
http://i.qkme.me/353r5n.jpg,0
http://i.qkme.me/353r5o.jpg,1
http://i.qkme.me/353r5p.jpg,0
http://i.qkme.me/353r5r.jpg,0
http://i.qkme.me/353r5x.jpg,0
http://i.qkme.me/353r65.jpg,1
http://i.qkme.me/353r66.jpg,0
http://i.qkme.me/353r69.jpg,0
http://i.qkme.me/353r6l.jpg,0
http://i.qkme.me/353r6p.jpg,-1
http://i.qkme.me/353r75.jpg,0
http://i.qkme.me/353r78.jpg,0
http://i.qkme.me/353r7h.jpg,0
http://i.qkme.me/353r7o.jpg,1
http://i.qkme.me/353r86.jpg,0
http://i.qkme.me/353r8i.jpg,1
http://i.qkme.me/353r8t.jpg,0
http://i.qkme.me/353r8w.jpg,0
http://i.qkme.me/353r9k.jpg,0
http://i.qkme.me/353raa.jpg,0
http://i.qkme.me/353rai.jpg,0
http://i.qkme.me/353rdh.jpg,0
http://i.qkme.me/353rdz.jpg,0
http://i.qkme.me/353rea.jpg,0
http://i.qkme.me/353ref.jpg,0
http://i.qkme.me/353rel.jpg,0
http://i.qkme.me/353req.jpg,0
http://i.qkme.me/353res.jpg,0
http://i.qkme.me/353rfi.jpg,0
http://i.qkme.me/353rfn.jpg,0
http://i.qkme.me/353rfq.jpg,0
http://i.qkme.me/353rg2.jpg,0
http://i.qkme.me/353rhv.jpg,0
http://i.qkme.me/353rie.jpg,0
http://i.qkme.me/353rjk.jpg,0
http://i.qkme.me/353rjw.jpg,0
http://i.qkme.me/353rkh.jpg,0
http://i.qkme.me/353rkn.jpg,0
http://i.qkme.me/353rkr.jpg,0
http://i.qkme.me/353rku.jpg,1
http://i.qkme.me/353rl5.jpg,0
http://i.qkme.me/353rlk.jpg,1
http://i.qkme.me/353rlr.jpg,0
http://i.qkme.me/353rmd.jpg,0
http://i.qkme.me/353rnm.jpg,-1
http://i.qkme.me/353rnv.jpg,0
http://i.qkme.me/353ro0.jpg,1
http://i.qkme.me/353ro1.jpg,1
http://i.qkme.me/353ro2.jpg,0
http://i.qkme.me/353ro6.jpg,1
http://i.qkme.me/353ro7.jpg,0
http://i.qkme.me/353roa.jpg,0
http://i.qkme.me/353rof.jpg,0
http://i.qkme.me/353rox.jpg,0
http://i.qkme.me/353rpq.jpg,0
http://i.qkme.me/353rpy.jpg,0
http://i.qkme.me/353rq9.jpg,0
http://i.qkme.me/353rqo.jpg,0
http://i.qkme.me/353rqr.jpg,0
http://i.qkme.me/353rqy.jpg,0
http://i.qkme.me/353rre.jpg,0
http://i.qkme.me/353rri.jpg,0
http://i.qkme.me/353rro.jpg,1
http://i.qkme.me/353rrp.jpg,0
http://i.qkme.me/353rrx.jpg,0
http://i.qkme.me/353rry.jpg,0
http://i.qkme.me/353rs8.jpg,0
http://i.qkme.me/353rsb.jpg,0
http://i.qkme.me/353rsz.jpg,0
http://i.qkme.me/353rt0.jpg,0
http://i.qkme.me/353ruy.jpg,1
http://i.qkme.me/353rva.jpg,0
http://i.qkme.me/353rvl.jpg,1
http://i.qkme.me/353rw6.jpg,1
http://i.qkme.me/353rw9.jpg,1
http://i.qkme.me/353rwh.jpg,0
http://i.qkme.me/353rwm.jpg,0
http://i.qkme.me/353rx0.jpg,1
http://i.qkme.me/353rx1.jpg,0
http://i.qkme.me/353rxa.jpg,1
http://i.qkme.me/353rxh.jpg,1
http://i.qkme.me/353rxn.jpg,0
http://i.qkme.me/353ry1.jpg,0
http://i.qkme.me/353ryj.jpg,-1
http://i.qkme.me/353ryj.jpg,0
http://i.qkme.me/353ryz.jpg,0
http://i.qkme.me/353rz1.jpg,0
http://i.qkme.me/353rzt.jpg,1
http://i.qkme.me/353s06.jpg,0
http://i.qkme.me/353s0e.jpg,0
http://i.qkme.me/353s0r.jpg,0
http://i.qkme.me/353s12.jpg,1
http://i.qkme.me/353s1f.jpg,0
http://i.qkme.me/353s1o.jpg,0
http://i.qkme.me/353s1r.jpg,0
http://i.qkme.me/353s2e.jpg,0
http://i.qkme.me/353s2g.jpg,0
http://i.qkme.me/353s2p.jpg,1
http://i.qkme.me/353s3h.jpg,0
http://i.qkme.me/353s3z.jpg,1
http://i.qkme.me/353s41.jpg,0
http://i.qkme.me/353s46.jpg,0
http://i.qkme.me/353s47.jpg,0
http://i.qkme.me/353s4b.jpg,0
http://i.qkme.me/353s4d.jpg,0
http://i.qkme.me/353s5h.jpg,0
http://i.qkme.me/353s5p.jpg,0
http://i.qkme.me/353s66.jpg,0
http://i.qkme.me/353s69.jpg,0
http://i.qkme.me/353s6d.jpg,0
http://i.qkme.me/353s71.jpg,1
http://i.qkme.me/353s72.jpg,0
http://i.qkme.me/353s73.jpg,0
http://i.qkme.me/353s7e.jpg,1
http://i.qkme.me/353s7h.jpg,1
http://i.qkme.me/353s7i.jpg,0
http://i.qkme.me/353s7t.jpg,1
http://i.qkme.me/353s7x.jpg,1
http://i.qkme.me/353s7y.jpg,0
http://i.qkme.me/353s8w.jpg,0
http://i.qkme.me/353s9v.jpg,1
http://i.qkme.me/353s9w.jpg,0
http://i.qkme.me/353sa0.jpg,0
http://i.qkme.me/353sa9.jpg,0
http://i.qkme.me/353sae.jpg,0
http://i.qkme.me/353sam.jpg,1
http://i.qkme.me/353sbz.jpg,0
http://i.qkme.me/353sc8.jpg,1
http://i.qkme.me/353scs.jpg,1
http://i.qkme.me/353sd2.jpg,0
http://i.qkme.me/353sdc.jpg,0
http://i.qkme.me/353sdm.jpg,0
http://i.qkme.me/353sed.jpg,0
http://i.qkme.me/353seg.jpg,0
http://i.qkme.me/353sf2.jpg,0
http://i.qkme.me/353sfh.jpg,1
http://i.qkme.me/353sfk.jpg,1
http://i.qkme.me/353sfr.jpg,0
http://i.qkme.me/353sfu.jpg,1
http://i.qkme.me/353sg1.jpg,1
http://i.qkme.me/353sg2.jpg,0
http://i.qkme.me/353sg4.jpg,0
http://i.qkme.me/353sgj.jpg,0
http://i.qkme.me/353sgv.jpg,1
http://i.qkme.me/353sgz.jpg,0
http://i.qkme.me/353sh5.jpg,0
http://i.qkme.me/353sh7.jpg,-1
http://i.qkme.me/353sh7.jpg,1
http://i.qkme.me/353shh.jpg,0
http://i.qkme.me/353shn.jpg,0
http://i.qkme.me/353siu.jpg,1
http://i.qkme.me/353siy.jpg,0
http://i.qkme.me/353sj3.jpg,1
http://i.qkme.me/353sjf.jpg,0
http://i.qkme.me/353skc.jpg,0
http://i.qkme.me/353sku.jpg,0
http://i.qkme.me/353slj.jpg,0
http://i.qkme.me/353slx.jpg,0
http://i.qkme.me/353smn.jpg,0
http://i.qkme.me/353sn7.jpg,0
http://i.qkme.me/353sph.jpg,1
http://i.qkme.me/353sq4.jpg,0
http://i.qkme.me/353sqo.jpg,-1
http://i.qkme.me/353sqq.jpg,0
http://i.qkme.me/353sr2.jpg,1
http://i.qkme.me/353sru.jpg,0
http://i.qkme.me/353ssg.jpg,0
http://i.qkme.me/353ssp.jpg,0
http://i.qkme.me/353stc.jpg,1
http://i.qkme.me/353sum.jpg,-1
http://i.qkme.me/353suv.jpg,0
http://i.qkme.me/353svd.jpg,0
http://i.qkme.me/353svu.jpg,0
http://i.qkme.me/353sw4.jpg,0
http://i.qkme.me/353sw8.jpg,-1
http://i.qkme.me/353sws.jpg,0
http://i.qkme.me/353sxh.jpg,0
http://i.qkme.me/353sy0.jpg,0
http://i.qkme.me/353sy3.jpg,-1
http://i.qkme.me/353sy4.jpg,-1
http://i.qkme.me/353syb.jpg,0
http://i.qkme.me/353sys.jpg,0
http://i.qkme.me/353sz8.jpg,0
http://i.qkme.me/353szf.jpg,0
http://i.qkme.me/353szn.jpg,1
http://i.qkme.me/353szr.jpg,0
http://i.qkme.me/353szv.jpg,0
http://i.qkme.me/353t09.jpg,0
http://i.qkme.me/353t0d.jpg,0
http://i.qkme.me/353t0j.jpg,0
http://i.qkme.me/353t0m.jpg,0
http://i.qkme.me/353t0r.jpg,0
http://i.qkme.me/353t0s.jpg,-1
http://i.qkme.me/353t0z.jpg,0
http://i.qkme.me/353t1e.jpg,-1
http://i.qkme.me/353t1g.jpg,0
http://i.qkme.me/353t1h.jpg,0
http://i.qkme.me/353t1t.jpg,0
http://i.qkme.me/353t21.jpg,0
http://i.qkme.me/353t3e.jpg,1
http://i.qkme.me/353t3x.jpg,1
http://i.qkme.me/353t49.jpg,1
http://i.qkme.me/353t4e.jpg,0
http://i.qkme.me/353t4l.jpg,0
http://i.qkme.me/353t4m.jpg,0
http://i.qkme.me/353t4n.jpg,0
http://i.qkme.me/353t52.jpg,0
http://i.qkme.me/353t6i.jpg,0
http://i.qkme.me/353t7g.jpg,0
http://i.qkme.me/353t7l.jpg,1
http://i.qkme.me/353t7o.jpg,0
http://i.qkme.me/353t7q.jpg,0
http://i.qkme.me/353t85.jpg,0
http://i.qkme.me/353t8b.jpg,0
http://i.qkme.me/353t8j.jpg,0
http://i.qkme.me/353t8k.jpg,0
http://i.qkme.me/353t8l.jpg,0
http://i.qkme.me/353t8m.jpg,0
http://i.qkme.me/353t8o.jpg,0
http://i.qkme.me/353t8s.jpg,0
http://i.qkme.me/353t8u.jpg,0
http://i.qkme.me/353t90.jpg,1
http://i.qkme.me/353t97.jpg,-1
http://i.qkme.me/353ta1.jpg,0
http://i.qkme.me/353taa.jpg,0
http://i.qkme.me/353tad.jpg,1
http://i.qkme.me/353tam.jpg,1
http://i.qkme.me/353tat.jpg,0
http://i.qkme.me/353tbi.jpg,0
http://i.qkme.me/353tbs.jpg,0
http://i.qkme.me/353tbu.jpg,0
http://i.qkme.me/353tc9.jpg,0
http://i.qkme.me/353tcf.jpg,0
http://i.qkme.me/353tcl.jpg,0
http://i.qkme.me/353tcp.jpg,0
http://i.qkme.me/353tdd.jpg,0
http://i.qkme.me/353tdr.jpg,-1
http://i.qkme.me/353tdr.jpg,0
http://i.qkme.me/353tdw.jpg,0
http://i.qkme.me/353teg.jpg,0
http://i.qkme.me/353tf8.jpg,0
http://i.qkme.me/353th7.jpg,0
http://i.qkme.me/353thn.jpg,0
http://i.qkme.me/353thx.jpg,1
http://i.qkme.me/353ti0.jpg,0
http://i.qkme.me/353tin.jpg,-1
http://i.qkme.me/353tiu.jpg,0
http://i.qkme.me/353tj2.jpg,0
http://i.qkme.me/353tj6.jpg,0
http://i.qkme.me/353tjf.jpg,0
http://i.qkme.me/353tjm.jpg,-1
http://i.qkme.me/353tkv.jpg,0
http://i.qkme.me/353tlw.jpg,0
http://i.qkme.me/353tma.jpg,0
http://i.qkme.me/353tmb.jpg,0
http://i.qkme.me/353tmm.jpg,0
http://i.qkme.me/353tmv.jpg,0
http://i.qkme.me/353tmw.jpg,1
http://i.qkme.me/353tn2.jpg,-1
http://i.qkme.me/353tn7.jpg,0
http://i.qkme.me/353to5.jpg,1
http://i.qkme.me/353tot.jpg,1
http://i.qkme.me/353tov.jpg,0
http://i.qkme.me/353tox.jpg,1
http://i.qkme.me/353tp8.jpg,1
http://i.qkme.me/353tpf.jpg,0
http://i.qkme.me/353tpj.jpg,0
http://i.qkme.me/353tpo.jpg,0
http://i.qkme.me/353tpq.jpg,0
http://i.qkme.me/353tpv.jpg,0
http://i.qkme.me/353tq1.jpg,0
http://i.qkme.me/353tqd.jpg,0
http://i.qkme.me/353tqf.jpg,0
http://i.qkme.me/353tqh.jpg,0
http://i.qkme.me/353tqu.jpg,0
http://i.qkme.me/353tr0.jpg,1
http://i.qkme.me/353tr4.jpg,0
http://i.qkme.me/353tr9.jpg,0
http://i.qkme.me/353trk.jpg,0
http://i.qkme.me/353trn.jpg,1
http://i.qkme.me/353tse.jpg,0
http://i.qkme.me/353tsk.jpg,0
http://i.qkme.me/353tsu.jpg,0
http://i.qkme.me/353tsw.jpg,-1
http://i.qkme.me/353tsw.jpg,-1
http://i.qkme.me/353tt1.jpg,1
http://i.qkme.me/353ttb.jpg,-1
http://i.qkme.me/353ttd.jpg,0
http://i.qkme.me/353ttq.jpg,-1
http://i.qkme.me/353tu3.jpg,0
http://i.qkme.me/353tua.jpg,-1
http://i.qkme.me/353tuh.jpg,-1
http://i.qkme.me/353tuu.jpg,-1
http://i.qkme.me/353tuy.jpg,0
http://i.qkme.me/353tvd.jpg,0
http://i.qkme.me/353twd.jpg,1
http://i.qkme.me/353twg.jpg,0
http://i.qkme.me/353twj.jpg,0
http://i.qkme.me/353twq.jpg,1
http://i.qkme.me/353txh.jpg,0
http://i.qkme.me/353txv.jpg,0
http://i.qkme.me/353tyc.jpg,0
http://i.qkme.me/353tyh.jpg,1
http://i.qkme.me/353tyk.jpg,0
http://i.qkme.me/353tyo.jpg,0
http://i.qkme.me/353tyu.jpg,1
http://i.qkme.me/353tz4.jpg,0
http://i.qkme.me/353tzd.jpg,1
http://i.qkme.me/353tzk.jpg,0
http://i.qkme.me/353tzt.jpg,0
http://i.qkme.me/353u04.jpg,0
http://i.qkme.me/353u05.jpg,1
http://i.qkme.me/353u0p.jpg,0
http://i.qkme.me/353u28.jpg,1
http://i.qkme.me/353u2s.jpg,0
http://i.qkme.me/353u34.jpg,0
http://i.qkme.me/353u3i.jpg,1
http://i.qkme.me/353u3r.jpg,0
http://i.qkme.me/353u3v.jpg,1
http://i.qkme.me/353u3x.jpg,0
http://i.qkme.me/353u42.jpg,-1
http://i.qkme.me/353u42.jpg,0
http://i.qkme.me/353u4j.jpg,1
http://i.qkme.me/353u4o.jpg,0
http://i.qkme.me/353u52.jpg,0
http://i.qkme.me/353u5t.jpg,0
http://i.qkme.me/353u6f.jpg,0
http://i.qkme.me/353u7d.jpg,0
http://i.qkme.me/353u7i.jpg,0
http://i.qkme.me/353u7j.jpg,0
http://i.qkme.me/353u7o.jpg,0
http://i.qkme.me/353u7v.jpg,0
http://i.qkme.me/353u7x.jpg,0
http://i.qkme.me/353u8k.jpg,0
http://i.qkme.me/353u8y.jpg,1
http://i.qkme.me/353u90.jpg,0
http://i.qkme.me/353u99.jpg,0
http://i.qkme.me/353u9g.jpg,0
http://i.qkme.me/353u9u.jpg,1
http://i.qkme.me/353ua2.jpg,0
http://i.qkme.me/353uad.jpg,0
http://i.qkme.me/353uak.jpg,-1
http://i.qkme.me/353ubl.jpg,-1
http://i.qkme.me/353ubr.jpg,0
http://i.qkme.me/353ucg.jpg,0
http://i.qkme.me/353ucn.jpg,0
http://i.qkme.me/353ucy.jpg,1
http://i.qkme.me/353ud4.jpg,0
http://i.qkme.me/353udb.jpg,0
http://i.qkme.me/353udl.jpg,0
http://i.qkme.me/353ue6.jpg,0
http://i.qkme.me/353ue8.jpg,0
http://i.qkme.me/353uf4.jpg,-1
http://i.qkme.me/353uf4.jpg,0
http://i.qkme.me/353uf5.jpg,0
http://i.qkme.me/353uf7.jpg,0
http://i.qkme.me/353ugu.jpg,0
http://i.qkme.me/353ui9.jpg,0
http://i.qkme.me/353uiz.jpg,0
http://i.qkme.me/353uj3.jpg,0
http://i.qkme.me/353uj5.jpg,0
http://i.qkme.me/353uj8.jpg,0
http://i.qkme.me/353uj9.jpg,0
http://i.qkme.me/353uju.jpg,1
http://i.qkme.me/353ujv.jpg,0
http://i.qkme.me/353ujw.jpg,0
http://i.qkme.me/353ujz.jpg,0
http://i.qkme.me/353uk2.jpg,0
http://i.qkme.me/353ukd.jpg,1
http://i.qkme.me/353ukj.jpg,0
http://i.qkme.me/353ukp.jpg,1
http://i.qkme.me/353ukt.jpg,1
http://i.qkme.me/353ukw.jpg,0
http://i.qkme.me/353uky.jpg,0
http://i.qkme.me/353ukz.jpg,1
http://i.qkme.me/353ulh.jpg,-1
http://i.qkme.me/353ulh.jpg,1
http://i.qkme.me/353ulw.jpg,0
http://i.qkme.me/353um5.jpg,0
http://i.qkme.me/353um6.jpg,0
http://i.qkme.me/353umi.jpg,0
http://i.qkme.me/353umk.jpg,-1
http://i.qkme.me/353umk.jpg,1
http://i.qkme.me/353umq.jpg,0
http://i.qkme.me/353und.jpg,0
http://i.qkme.me/353unf.jpg,0
http://i.qkme.me/353unr.jpg,1
http://i.qkme.me/353uoj.jpg,0
http://i.qkme.me/353up7.jpg,0
http://i.qkme.me/353up8.jpg,0
http://i.qkme.me/353upg.jpg,0
http://i.qkme.me/353upl.jpg,0
http://i.qkme.me/353upo.jpg,0
http://i.qkme.me/353uq6.jpg,0
http://i.qkme.me/353uq9.jpg,1
http://i.qkme.me/353uql.jpg,0
http://i.qkme.me/353uqu.jpg,0
http://i.qkme.me/353ur1.jpg,0
http://i.qkme.me/353us1.jpg,0
http://i.qkme.me/353us5.jpg,1
http://i.qkme.me/353usj.jpg,0
http://i.qkme.me/353uta.jpg,0
http://i.qkme.me/353uu1.jpg,0
http://i.qkme.me/353uu2.jpg,0
http://i.qkme.me/353uu9.jpg,0
http://i.qkme.me/353uub.jpg,0
http://i.qkme.me/353uup.jpg,0
http://i.qkme.me/353uuz.jpg,0
http://i.qkme.me/353uva.jpg,1
http://i.qkme.me/353uvn.jpg,1
http://i.qkme.me/353uwa.jpg,0
http://i.qkme.me/353uwg.jpg,0
http://i.qkme.me/353ux6.jpg,0
http://i.qkme.me/353uxd.jpg,0
http://i.qkme.me/353uxm.jpg,0
http://i.qkme.me/353uxt.jpg,0
http://i.qkme.me/353uxv.jpg,1
http://i.qkme.me/353uxw.jpg,0
http://i.qkme.me/353uy6.jpg,0
http://i.qkme.me/353uyw.jpg,0
http://i.qkme.me/353v05.jpg,0
http://i.qkme.me/353v0h.jpg,0
http://i.qkme.me/353v0x.jpg,0
http://i.qkme.me/353v12.jpg,0
http://i.qkme.me/353v1d.jpg,0
http://i.qkme.me/353v1q.jpg,0
http://i.qkme.me/353v1t.jpg,0
http://i.qkme.me/353v28.jpg,0
http://i.qkme.me/353v2i.jpg,0
http://i.qkme.me/353v2w.jpg,0
http://i.qkme.me/353v30.jpg,1
http://i.qkme.me/353v34.jpg,0
http://i.qkme.me/353v38.jpg,0
http://i.qkme.me/353v3l.jpg,0
http://i.qkme.me/353v3n.jpg,1
http://i.qkme.me/353v3z.jpg,0
http://i.qkme.me/353v4k.jpg,0
http://i.qkme.me/353v5k.jpg,1
